{"sexpo_1_avg": [[0.000754857717775831, [0.0007437544535060158, 0.0007659609820456462]], [0.0010269798017015642, [0.0009756980636216489, 0.0010782615397814796]], [0.0018275869593900793, [0.001696612026179029, 0.0019585618926011295]], [0.002523815678615196, [0.0024158005540777794, 0.002631830803152613]], [0.002993920363631903, [0.002869585377605927, 0.003118255349657879]], [0.0033320536332971913, [0.0032037866943473606, 0.003460320572247022]], [0.003773344451305913, [0.00360693186663849, 0.003939757035973336]], [0.004329234104530484, [0.00409723501835919, 0.004561233190701777]], [0.007097261372734518, [0.006779314785136883, 0.007415207960332153]], [0.008401303010828354, [0.008021351407814247, 0.008781254613842462]], [0.008400102877149394, [0.008107012438807496, 0.008693193315491293]], [0.009153710814083324, [0.00878855952793727, 0.009518862100229378]], [0.009830328716951258, [0.00953237088381017, 0.010128286550092345]], [0.01067816883909936, [0.010286356252633203, 0.011069981425565516]], [0.01175181510401707, [0.011252623645525596, 0.012251006562508543]], [0.01263973451128193, [0.012081814356876868, 0.013197654665686991]], [0.013743131300982307, [0.013239101494136507, 0.014247161107828107]], [0.015000911132962097, [0.014424003256139191, 0.015577819009785]], [0.021151704975202964, [0.02026609838810336, 0.022037311562302566]], [0.020013497016009164, [0.019045521565685373, 0.020981472466332956]]], "sexpo_1_total": [[0.03849774360656738, [0.037931477128806804, 0.03906401008432796]], [0.05237596988677978, [0.0497606012447041, 0.05499133852885547]], [0.09320693492889404, [0.08652721333513047, 0.0998866565226576]], [0.128714599609375, [0.12320582825796676, 0.13422337096078327]], [0.15268993854522706, [0.14634885425790228, 0.15903102283255183]], [0.16993473529815672, [0.16339312141171536, 0.1764763491845981]], [0.19244056701660156, [0.18395352519856298, 0.20092760883464014]], [0.22079093933105468, [0.2089589859363187, 0.23262289272579065]], [0.36196033000946043, [0.345745054041981, 0.37817560597693983]], [0.4284664535522461, [0.40908892179852663, 0.4478439853059656]], [0.42840524673461916, [0.4134576343791823, 0.443352859090056]], [0.4668392515182495, [0.44821653592480076, 0.48546196711169826]], [0.5013467645645142, [0.48615091507431873, 0.5165426140547097]], [0.5445866107940673, [0.5246041688842933, 0.5645690527038414]], [0.5993425703048706, [0.5738838059218054, 0.6248013346879357]], [0.6446264600753784, [0.6161725322007202, 0.6730803879500366]], [0.7008996963500976, [0.6751941762009619, 0.7266052164992334]], [0.7650464677810669, [0.7356241660630988, 0.794468769499035]], [1.0787369537353515, [1.0335710177932718, 1.1239028896774312]], [1.0206883478164672, [0.9713215998499538, 1.0700550957829806]]], "sexpo_2_avg": [[0.001003845952591806, [0.0009723641456613102, 0.0010353277595223016]], [0.0014292844736351158, [0.0013743704779821577, 0.0014841984692880738]], [0.0027518901285135517, [0.002602488853075914, 0.002901291403951189]], [0.003806482710928287, [0.0036856383051322135, 0.003927327116724361]], [0.004268469450608739, [0.004117862437838361, 0.004419076463379117]], [0.004857695597522665, [0.004614248807759463, 0.005101142387285866]], [0.0054327739859527015, [0.00520226212427597, 0.005663285847629433]], [0.006142270610017597, [0.005887999000657027, 0.0063965422193781665]], [0.01115312567297018, [0.010768341958458426, 0.011537909387481933]], [0.012602141848150289, [0.012128492258010985, 0.013075791438289592]], [0.01405341814149101, [0.013486531279029724, 0.014620305003952295]], [0.015085779405989739, [0.014561537937532997, 0.015610020874446481]], [0.016589725242470793, [0.016036413123432822, 0.017143037361508764]], [0.01812768477313923, [0.017562378650568623, 0.01869299089570984]], [0.019910524836126365, [0.019277971477232002, 0.020543078195020728]], [0.021449225983529722, [0.02077885252810701, 0.022119599438952434]], [0.023453105530648853, [0.02278249382675753, 0.02412371723454017]], [0.02586228460635779, [0.02509854611838804, 0.02662602309432754]], [0.03235034744694548, [0.031545231214402406, 0.03315546367948856]], [0.03434717646184957, [0.03341234403376593, 0.035282008889933214]]], "sexpo_2_total": [[0.05320383548736572, [0.05153529972004945, 0.054872371254681994]], [0.07575207710266113, [0.07284163533305435, 0.07866251887226791]], [0.14585017681121826, [0.13793190921302348, 0.15376844440941304]], [0.20174358367919923, [0.19533883017200732, 0.2081483371863911]], [0.22622888088226317, [0.2182467092054331, 0.23421105255909322]], [0.2574578666687012, [0.24455518681125152, 0.2703605465261508]], [0.28793702125549314, [0.2757198925866263, 0.30015414992435996]], [0.3255403423309326, [0.3120639470348224, 0.3390167376270428]], [0.5911156606674194, [0.5707221237982965, 0.6115091975365423]], [0.6679135179519653, [0.6428100896745822, 0.6930169462293484]], [0.7448311614990234, [0.7147861577885752, 0.7748761652094716]], [0.799546308517456, [0.7717615106892487, 0.8273311063456633]], [0.8792554378509522, [0.8499298955419397, 0.9085809801599647]], [0.9607672929763794, [0.9308060684801372, 0.9907285174726216]], [1.0552578163146973, [1.021732488293296, 1.0887831443360985]], [1.1368089771270753, [1.1012791839896716, 1.172338770264479]], [1.2430145931243897, [1.2074721728181497, 1.2785570134306297]], [1.370701084136963, [1.330222944274566, 1.4111792239993597]], [1.7145684146881104, [1.6718972543633273, 1.7572395750128935]], [1.8204003524780275, [1.7708542337895945, 1.8699464711664604]]]}