{"pexpo_avg": [[0.005525757789611816, [0.005258635730467117, 0.0057928798487565155]], [0.010292242115882224, [0.009651100668911245, 0.010933383562853203]], [0.011841876247172948, [0.011035667162714887, 0.012648085331631009]], [0.016348632881714606, [0.015130263499442369, 0.017567002263986845]], [0.02050601891797424, [0.01979573287583942, 0.021216304960109057]], [0.026926897947622045, [0.026110172747629647, 0.027743623147614443]], [0.03434585174369011, [0.033464637460538085, 0.03522706602684214]], [0.04512080857595279, [0.04403832109506773, 0.04620329605683785]], [0.12711766878390035, [0.12267104673612293, 0.13156429083167775]], [0.1564146687388617, [0.15196307930230527, 0.16086625817541814]]], "pexpo_total": [[0.015264606475830078, [0.014422342292625642, 0.016106870659034513]], [0.061273422241210934, [0.05377037474597902, 0.06877646973644284]], [0.08801229000091552, [0.07712848187377322, 0.09889609812805782]], [0.15693096160888673, [0.13687913511762428, 0.17698278810014917]], [0.25775333881378176, [0.2237878741872008, 0.2917188034403627]], [0.38958837509155275, [0.3358589538034731, 0.4433177963796324]], [0.6092119455337525, [0.5367198471284707, 0.6817040439390343]], [0.8660562992095947, [0.7701404556974935, 0.961972142721696]], [2.414312777519226, [2.115912259885909, 2.7127132951525432]], [3.5403564882278444, [3.1792302848999254, 3.9014826915557634]]], "sexpo_avg": [[0.001374872190910473, [0.0013378482280001765, 0.0014118961538207696]], [0.0021597155353479222, [0.0020403287950787156, 0.002279102275617129]], [0.003703564593666479, [0.0035788379171140827, 0.0038282912702188756]], [0.0045192029183371025, [0.004366419991198755, 0.00467198584547545]], [0.0052694529817815415, [0.00518416799477306, 0.005354737968790023]], [0.006209527735124554, [0.006137630522519825, 0.006281424947729283]], [0.00731384603600753, [0.007252591402099478, 0.007375100669915582]], [0.00872111772236071, [0.008673951311370163, 0.008768284133351257]], [0.018208326205872653, [0.01764828662775519, 0.018768365783990115]], [0.020425781785396113, [0.01969523994063681, 0.021156323630155415]]], "sexpo_total": [[0.07836771488189698, [0.07625734899601007, 0.08047808076778389]], [0.12310378551483155, [0.11629874131948677, 0.1299088297101763]], [0.21110318183898927, [0.20399376127550267, 0.21821260240247586]], [0.2575945663452148, [0.24888593949832902, 0.2663031931921006]], [0.30035881996154784, [0.29549757570206436, 0.3052200642210313]], [0.3539430809020996, [0.34984493978363, 0.35804122202056915]], [0.4168892240524292, [0.41339770991967023, 0.4203807381851881]], [0.49710371017456056, [0.4944152247480994, 0.4997921956010217]], [1.0378745937347411, [1.0059523377820458, 1.0697968496874364]], [1.1642695617675782, [1.1226286766162978, 1.2059104469188584]]], "qp_avg": [[0.004218090772628785, [0.00420620070798129, 0.004229980837276279]], [0.005847029685974121, [0.005534701940371326, 0.0061593574315769156]], [0.00931168556213379, [0.008716831222421579, 0.009906539901846]], [0.01411777138710022, [0.01327973733811046, 0.01495580543608998]], [0.021871719360351562, [0.02078174888327463, 0.02296168983742849]], [0.03061384439468384, [0.029028127698242145, 0.03219956109112553]], [0.04190173983573914, [0.03953876630808505, 0.04426471336339323]], [0.05452383995056152, [0.0514696426032332, 0.05757803729788984]], [0.09350525856018066, [0.08774698784172649, 0.09926352927863481]], [0.12039483547210693, [0.10919712305988101, 0.13159254788433283]]]}