{"pexpo_avg": [[0.005659314393997192, [0.0052075642335491995, 0.0061110645544451845]], [0.015822769006093345, [0.015322047319134882, 0.016323490693051806]], [0.019614953994750977, [0.019146528894348917, 0.020083379095153037]], [0.0295892099233774, [0.028005491795830575, 0.031172928050924226]], [0.0673272180557251, [0.06396274496853503, 0.07069169114291517]], [0.061327090660731, [0.05797956665894656, 0.06467461466251544]], [0.06819278346167669, [0.06705872615508714, 0.06932684076826624]], [0.09536794886869542, [0.09032415970245598, 0.10041173803493483]], [0.25267593411838307, [0.24096932607908988, 0.26438254215767626]], [0.2704005112855331, [0.2597724910088125, 0.2810285315622537]]],
  "pexpo_total": [[0.022637257575988768, [0.020830256934196798, 0.024444258217780738]], [0.09493661403656006, [0.09193228391480929, 0.09794094415831084]], [0.09807476997375489, [0.0957326444717446, 0.10041689547576518]], [0.7693194580078125, [0.728142786691595, 0.81049612932403]], [0.1346544361114502, [0.12792548993707006, 0.14138338228583033]], [1.471850175857544, [1.3915095998147176, 1.5521907519003704]], [0.6137350511550903, [0.6035285353957843, 0.6239415669143963]], [1.6212551307678222, [1.535510714941752, 1.7069995465938925]], [4.295490880012512, [4.096478543344528, 4.494503216680496]], [6.219211759567261, [5.974767293202687, 6.463656225931835]]],
  "sexpo_avg": [[0.0021043955652337324, [0.002070648254775566, 0.0021381428756918988]], [0.003561454321208753, [0.0034256157488122057, 0.0036972928936053005]], [0.0047320669575741416, [0.0046592118642573305, 0.004804922050890953]], [0.007340453967713473, [0.006919131616303408, 0.007761776319123538]], [0.009761550635622259, [0.009298783031283916, 0.010224318239960601]], [0.012597670471459106, [0.011856861586180947, 0.013338479356737265]], [0.011770153045654297, [0.011571722023500977, 0.011968584067807616]], [0.015546360266836066, [0.014881540362738898, 0.01621118017093323]], [0.024833866838823288, [0.023179275726603287, 0.026488457951043286]], [0.02328859437975967, [0.022318144837157574, 0.024259043922361768]]],
  "sexpo_total": [[0.11995054721832275, [0.11802695052220727, 0.12187414391443824]], [0.20300289630889892, [0.1952600976822957, 0.21074569493550213]], [0.26972781658172607, [0.26557507626266785, 0.2738805569007843]], [0.41840587615966796, [0.3943905021292943, 0.44242125019004164]], [0.5564083862304687, [0.5300306327831832, 0.5827861396777543]], [0.718067216873169, [0.675841110412314, 0.760293323334024]], [0.670898723602295, [0.6595881553395557, 0.6822092918650342]], [0.8861425352096558, [0.8482478006761173, 0.9240372697431943]], [1.4155304098129273, [1.3212187164163873, 1.5098421032094673]], [1.3274498796463012, [1.2721342557179818, 1.3827655035746207]]],
  "qp_avg": [[0.00625139594078064, [0.005708854588109422, 0.006793937293451858]], [0.008076629638671874, [0.007760071505514037, 0.008393187771829711]], [0.012858089208602905, [0.01245620981512891, 0.013259968602076901]], [0.028267972469329834, [0.02679109881895499, 0.02974484611970468]], [0.053288395404815676, [0.05078746389757594, 0.05578932691205541]], [0.08195255041122436, [0.0777923308395574, 0.08611276998289132]], [0.06195552110671997, [0.06058445723559279, 0.06332658497784716]], [0.09682651519775391, [0.09174262230385458, 0.10191040809165325]], [0.21085675835609435, [0.1986949417064478, 0.22301857500574088]], [0.16321176409721375, [0.15668935836159686, 0.16973416983283063]]]}