{"pexpo_avg": [[0.15564982541402184, [0.15210190709364618, 0.1591977437343975]], [0.18667551422119144, [0.1802149158261616, 0.1931361126162213]], [0.2053801257269723, [0.20394574654182296, 0.20681450491212167]], [0.2703932490348816, [0.26848934128064383, 0.27229715678911937]], [0.2884828578101264, [0.2831798167447845, 0.2937858988754683]], [0.3629106643994649, [0.3599128668005539, 0.3659084619983759]], [0.4162075313499996, [0.41292572956657764, 0.41948933313342157]], [0.4926634931564331, [0.48981314457620123, 0.49551384173666496]], [0.5484708738327025, [0.5430527681790448, 0.5538889794863603]], [0.6427807469367981, [0.6388963345076147, 0.6466651593659815]]], "pexpo_total": [[4.669494762420654, [4.563057212809384, 4.775932312031923]], [0.933377571105957, [0.9010745791308077, 0.9656805630811063]], [5.750643520355225, [5.710480903171043, 5.790806137539406]], [8.111797471046447, [8.054680238419316, 8.168914703673579]], [5.1926914405822755, [5.097236701406121, 5.28814617975843]], [10.887319931983948, [10.797386004016618, 10.977253859951277]], [11.653810877799987, [11.561920427864173, 11.745701327735802]], [14.779904794692992, [14.694394337286036, 14.865415252099949]], [8.22706310749054, [8.145791522685673, 8.308334692295407]], [12.855614938735961, [12.777926690152295, 12.933303187319627]]], "sexpo_avg": [[0.01921813730607953, [0.01868087384180863, 0.01975540077035043]], [0.02484583151967902, [0.024112189876894192, 0.02557947316246385]], [0.02963231647223757, [0.028996376154608594, 0.030268256789866547]], [0.025974039947777458, [0.025219062376965348, 0.026729017518589568]], [0.03321763189215409, [0.0322217187402466, 0.034213545044061586]], [0.03479017383173892, [0.03399115431288758, 0.03558919335059026]], [0.038296344238415096, [0.0374339284291812, 0.03915876004764899]], [0.040723038472627336, [0.03992368855698772, 0.041522388388266954]], [0.04410752028749701, [0.04336094076148568, 0.04485409981350833]], [0.05187695051494397, [0.05090787002499873, 0.0528460310048892]]], "sexpo_total": [[1.0954338264465333, [1.0648098089830922, 1.1260578439099744]], [1.4162123966217042, [1.374394822982969, 1.4580299702604393]], [1.6890420389175416, [1.6527934408126899, 1.7252906370223933]], [1.4805202770233155, [1.437486555487025, 1.5235539985596058]], [1.8934050178527833, [1.8366379681940561, 1.9501720675115104]], [1.9830399084091186, [1.937495795834592, 2.028584020983645]], [2.1828916215896608, [2.133733920463329, 2.2320493227159925]], [2.321213192939758, [2.2756502477483003, 2.366776138131216]], [2.5141286563873293, [2.4715736234046837, 2.556683689369975]], [2.956986179351807, [2.9017485914249286, 3.012223767278685]]], "qp_avg": [[0.1035189974308014, [0.09962418027618687, 0.10741381458541592]], [0.10644481539726257, [0.10096878035396822, 0.11192085044055691]], [0.1809108364582062, [0.17026904294122916, 0.19155262997518321]], [0.22329284906387328, [0.2151944806259883, 0.23139121750175826]], [0.25113664507865907, [0.2376770609912095, 0.26459622916610864]], [0.19046164989471437, [0.1824838608656724, 0.19843943892375634]], [0.1983169686794281, [0.19035335587911378, 0.20628058147974243]], [0.25556602597236633, [0.24695211218522517, 0.2641799397595075]], [0.2904327917098999, [0.2800791305628068, 0.30078645285699296]], [0.32410649061203, [0.3139708431763911, 0.3342421380476689]]]}