{"pexpo_avg": [[0.048782661742770454, [0.04660614301182313, 0.05095918047371778]], [0.12163420163995203, [0.11845807052644135, 0.12481033275346272]], [0.16011266924063505, [0.15451493025768112, 0.16571040822358898]], [0.18830621065721917, [0.1827817230070825, 0.19383069830735583]]], "pexpo_total": [[0.835221848487854, [0.7370532355033896, 0.9333904614723183]], [2.351661410331726, [2.063930029395843, 2.6393927912676087]], [3.104452657699585, [2.694415197580719, 3.5144901178184504]], [3.9650953722000124, [3.5186201882347903, 4.411570556165234]]], "sexpo_avg": [[0.00800805275900322, [0.007955565961232416, 0.008060539556774023]], [0.018380995465998064, [0.017594100212277326, 0.019167890719718802]], [0.021113222272772538, [0.020323970171584264, 0.021902474373960812]], [0.023006907011333268, [0.022269814766080667, 0.02374399925658587]]], "sexpo_total": [[0.4564590072631836, [0.4534672597902478, 0.4594507547361194]], [1.0477167415618895, [1.0028637120998074, 1.0925697710239717]], [1.2034536695480347, [1.158466299780303, 1.2484410393157663]], [1.311393699645996, [1.2693794416665978, 1.3534079576253943]]], "qp_avg": [[0.05580270290374756, [0.052396186595693256, 0.05920921921180186]], [0.09487683296203614, [0.08871579524472642, 0.10103787067934586]], [0.1029813516139984, [0.09798826997346642, 0.10797443325453038]], [0.14208041071891786, [0.13052022115722237, 0.15364060028061335]]]}